# SAMPLE universe for development. Real WLS membership and weights come from Bloomberg (MEMB <GO>, or
# `python -m screener universe --from-bloomberg`). wls_weight is intentionally blank: weights are never guessed.
# Columns: theme is free text; semiconductors and software are merged into one theme by config.yaml.
# lot_size: leave blank for 1 share (or the exchange default in config.yaml). VERIFY HK board lots in Bloomberg.
bbg_ticker,yahoo_symbol,name,country,exchange,sector,theme,wls_weight,currency,lot_size
AAPL US Equity,AAPL,Apple,US,US,Information Technology,hardware,,,
MSFT US Equity,MSFT,Microsoft,US,US,Information Technology,software,,,
NVDA US Equity,NVDA,NVIDIA,US,US,Information Technology,semiconductors,,,
AMZN US Equity,AMZN,Amazon.com,US,US,Consumer Discretionary,internet,,,
GOOGL US Equity,GOOGL,Alphabet A,US,US,Communication Services,internet,,,
META US Equity,META,Meta Platforms,US,US,Communication Services,internet,,,
AVGO US Equity,AVGO,Broadcom,US,US,Information Technology,semiconductors,,,
TSLA US Equity,TSLA,Tesla,US,US,Consumer Discretionary,autos,,,
BRK/B US Equity,BRK-B,Berkshire Hathaway B,US,US,Financials,financials,,,
JPM US Equity,JPM,JPMorgan Chase,US,US,Financials,banks,,,
LLY US Equity,LLY,Eli Lilly,US,US,Health Care,pharma,,,
V US Equity,V,Visa A,US,US,Financials,payments,,,
MA US Equity,MA,Mastercard A,US,US,Financials,payments,,,
UNH US Equity,UNH,UnitedHealth,US,US,Health Care,healthcare,,,
XOM US Equity,XOM,Exxon Mobil,US,US,Energy,energy,,,
WMT US Equity,WMT,Walmart,US,US,Consumer Staples,retail,,,
ORCL US Equity,ORCL,Oracle,US,US,Information Technology,software,,,
NFLX US Equity,NFLX,Netflix,US,US,Communication Services,internet,,,
AMD US Equity,AMD,Advanced Micro Devices,US,US,Information Technology,semiconductors,,,
CRM US Equity,CRM,Salesforce,US,US,Information Technology,software,,,
MU US Equity,MU,Micron Technology,US,US,Information Technology,semiconductors,,,
CAT US Equity,CAT,Caterpillar,US,US,Industrials,industrials,,,
CMG US Equity,CMG,Chipotle Mexican Grill,US,US,Consumer Discretionary,restaurants,,,
RY CN Equity,RY.TO,Royal Bank of Canada,CA,CN,Financials,banks,,,
SHOP CN Equity,SHOP.TO,Shopify,CA,CN,Information Technology,software,,,
7203 JT Equity,7203.T,Toyota Motor,JP,JT,Consumer Discretionary,autos,,,
6758 JT Equity,6758.T,Sony Group,JP,JT,Consumer Discretionary,consumer_electronics,,,
8035 JT Equity,8035.T,Tokyo Electron,JP,JT,Information Technology,semiconductors,,,
8306 JT Equity,8306.T,Mitsubishi UFJ Financial,JP,JT,Financials,banks,,,
9984 JT Equity,9984.T,SoftBank Group,JP,JT,Communication Services,internet,,,
700 HK Equity,0700.HK,Tencent,CN,HK,Communication Services,internet,,,100
9988 HK Equity,9988.HK,Alibaba Group,CN,HK,Consumer Discretionary,internet,,,100
1299 HK Equity,1299.HK,AIA Group,HK,HK,Financials,insurance,,,200
005930 KS Equity,005930.KS,Samsung Electronics,KR,KS,Information Technology,semiconductors,,,
000660 KS Equity,000660.KS,SK Hynix,KR,KS,Information Technology,semiconductors,,,
2330 TT Equity,2330.TW,Taiwan Semiconductor,TW,TT,Information Technology,semiconductors,,,
BHP AT Equity,BHP.AX,BHP Group,AU,AT,Materials,materials,,,
CBA AT Equity,CBA.AX,Commonwealth Bank of Australia,AU,AT,Financials,banks,,,
RELIANCE IN Equity,RELIANCE.NS,Reliance Industries,IN,IN,Energy,energy,,,
INFO IN Equity,INFY.NS,Infosys,IN,IN,Information Technology,software,,,
ASML NA Equity,ASML.AS,ASML Holding,NL,NA,Information Technology,semiconductors,,,
SAP GY Equity,SAP.DE,SAP,DE,GY,Information Technology,software,,,
SIE GY Equity,SIE.DE,Siemens,DE,GY,Industrials,industrials,,,
NOVOB DC Equity,NOVO-B.CO,Novo Nordisk B,DK,DC,Health Care,pharma,,,
MC FP Equity,MC.PA,LVMH,FR,FP,Consumer Discretionary,luxury,,,
TTE FP Equity,TTE.PA,TotalEnergies,FR,FP,Energy,energy,,,
NESN SW Equity,NESN.SW,Nestle,CH,SW,Consumer Staples,staples,,,
ROG SW Equity,ROG.SW,Roche Holding,CH,SW,Health Care,pharma,,,
AZN LN Equity,AZN.L,AstraZeneca,GB,LN,Health Care,pharma,,,
SHEL LN Equity,SHEL.L,Shell,GB,LN,Energy,energy,,,
HSBA LN Equity,HSBA.L,HSBC Holdings,GB,LN,Financials,banks,,,
